,item,url
0,デスクの上の小さな公園。芝生トレイ&スマホスタンドの midori SE/SF,https://design.style4.info/2017/09/midori-se-sf/
1,ちょっと憧れる！橋の下を秘密のオフィスにしてしまったデザイナー,https://design.style4.info/2017/09/under-the-bridge/
2,食べれる花束？！ ヴィーガンな美しすぎるケーキ,https://design.style4.info/2017/06/beautiful-raw-vegan-cakes/
3,「日常に花と音楽を」カセットテープ型の一輪挿しがカワイイ - cassette vase,https://design.style4.info/2017/05/cassette-vase/
4,本物の植物にしか見えない！カラフルでカワイイ多肉植物＆フラワーケーキ,https://design.style4.info/2017/05/terrarium-and-flower-cakes/
5,見ていて気持ちいいコラージュ動画！ファレル・ウィリアムスも参加のミュージックビデオがすごい,https://design.style4.info/2017/04/cassius-go-up/
6,高級感抜群！レザーバッグに良く馴染むオシャレなライトニングケーブル,https://design.style4.info/2017/04/tag-lightning-cable/
7,まさに炎上広告！バーガーキングの自虐的すぎる宣伝ポスター,https://design.style4.info/2017/04/burger-king-flame-grilled/
8,佇まいがカワイイ！小さなお家のような機能的なテーブルライト,https://design.style4.info/2017/04/frame-lighting-wood/
9,どんなインテリアにも合いそうな上品で大人っぽいドライフラワー - amaterra&flowers,https://design.style4.info/2017/03/amaterraflowers/
10,甘酸っぱい思い出のような、物語性のあるお菓子 - Cineca,https://design.style4.info/2017/03/cineca/
11,宙に浮く球体が時を刻むシンプルでオシャレな時計,https://design.style4.info/2017/02/story/
12,可能性が無限大過ぎる！マグネット式カラーペンセット「MAGNETIPS」,https://design.style4.info/2017/02/magnetips/
13,これは便利！キャリーバッグがどこでもデスクになる折り畳みテーブル,https://design.style4.info/2017/02/smartoo-travel-desk/
14,外国人クリエイターが水彩画で描く日本のノスタルジック,https://design.style4.info/2017/02/tokyo-storefront/
15,バレずに早弁できる！閉じれば本になる弁当箱,https://design.style4.info/2017/02/lunch-box-book/
16,本気仕事モードでサメになる！ 身につける個室 - Sharkman,https://design.style4.info/2017/01/sharkman/
17,最強カワイイ！ タイプライター風のレトロキュートなキーボード,https://design.style4.info/2017/01/lofree/
18,花よりアイス？バラのような食べるのがもったいないジェラート,https://design.style4.info/2017/01/i-creamy/
19,充電もできるモバイルデスク！どこでも作業ができるLapPad GO+,https://design.style4.info/2017/01/lappad-go-plus/
20,レトロかわいい！ミニチュアMacintosh風のApple Watchスタンド,https://design.style4.info/2017/01/w3-stand/
21,机上の癒し！リアルな川のようなオリジナル文具スタンド,https://design.style4.info/2017/01/sen/
22,これならカンニングもOK！ オシャレに料理上手になれるレシピ付きエプロン,https://design.style4.info/2017/01/bbq-apron-guides/
23,表情がカワイイ！コンパクトでオシャレな収納ケース - KYOTOMOJI,https://design.style4.info/2017/01/kyotomoji/
24,2017年のテーマカラーはこれ！心落ち着かせるグリーナリー,https://design.style4.info/2017/01/pantone-color-of-the-year-2017/
25,画期的！６つのシーンに対応できる着脱可能なバックパック,https://design.style4.info/2016/12/the-leather-duffle-backpack/
26,おしゃれなアイデア！読んで愉しむ小説付きのラベルのワイン,https://design.style4.info/2016/12/librottiglia/
27,こんなところにお店が！？可愛すぎるネズミのためのナッツ屋さん,https://design.style4.info/2016/12/anonymouse/
28,これはお見事！クリスマスにやってみたい神ってる髪型,https://design.style4.info/2016/12/christmas-hairstyles/
29,奇跡的タイミングと角度！美しすぎる反射を撮らえた写真18選,https://design.style4.info/2016/12/perfect-reflections/
30,シンプルだからこそ難しい！うまくハマると眼が光るフシギなおばけパズル,https://design.style4.info/2016/12/obake-puzzle/
31,鳥になったらこの家を探す！満室必須の美しすぎるバードハウス.,https://design.style4.info/2016/12/architectural-bird-houses/
32,イクラなんでもこれは…。今すぐ口にかき込みたくなるイクラご飯のiPhoneケース,https://design.style4.info/2016/11/ikura-gohan-iphone-case/
33,まるで国境！ドローンが暴く貧富の差が一目瞭然すぎる空撮写真,https://design.style4.info/2016/11/between-rich-and-poor/
34,薪がないなら札束燃やせ。素直に暖まれないコーヒーテーブル型ストーブ,https://design.style4.info/2016/11/too-much-table/
35,松ぼっくり大活躍！クリスマスの飾り付けに取り入れたいアイデアアレンジ30選,https://design.style4.info/2016/11/christmas-pine-cone-ornament/
36,世界中が東京に見える！世界東京化計画がスゴすぎて話題に,https://design.style4.info/2016/11/tokyo-lization/
37,猫好きにはタマらない！猫の襟が可愛いレトロファッション - Miss Patina,https://design.style4.info/2016/11/miss-patina/
38,雨の日に、あの日の景色や思い出が蘇る。360°写真を傘にプリントする「PANORELLA」,https://design.style4.info/2016/11/panorella/
39,注がなくていい！ボトルに挿して直接飲めるワイングラス,https://design.style4.info/2016/11/guzzle-buddy/
40,ルンルン気分で洗濯物を干せそう！音符型の洗濯ばさみ,https://design.style4.info/2016/10/musiclips/
41,やっぱり絵になる！パリで思わず立ち寄りたくなるようなお店の外観29選,https://design.style4.info/2016/10/parisian-storefronts/
42,これは明快！ユニバーサルデザインな将棋の駒、大明駒,https://design.style4.info/2016/10/taimei-koma/
43,ダリがやった？まさにアートなラテアート,https://design.style4.info/2016/10/salvador-dalatte/
44,コスプレだけじゃない！爪で楽しむハロウィンネイルアート,https://design.style4.info/2016/10/halloween-nail-art/
45,これは二度見する！LEGOの手になる紙袋,https://design.style4.info/2016/10/lego-bag/
46,お守り代わりに贈りたい！本当に桜咲くえんぴつ,https://design.style4.info/2016/10/the-sakura-pencil/
47,頭ぽんぽんしたくなる！宙に浮いているリアルな雲のスピーカー,https://design.style4.info/2016/10/making-weather/
